record_id,canonical_label,severity,primary_rule_id,scope_key,review_label,review_confidence,review_harm_relevance,rationale_short,rationale_detailed,disconfirming_evidence,notes
TPFPV1-0001,Agent role or goal manipulation,critical,atr.agent-manipulation.cross-agent-attack-detection,<corpus>/category1_top_instruction_repos/openclaw__openclaw/.agents/skills/openclaw-parallels-smoke/SKILL.md,FP,high,low,"The evidence describes a VM/testing skill, not a real agent-instruction manipulation surface.","The referenced OpenClaw/Parallels smoke-test material uses ordinary virtualization and guest CLI workflow language. Phrases about tags moving or guest shims are operational test details, not instructions to impersonate an agent or rewrite a role. The snippets do not show a prompt boundary being overridden, a delegated agent being deceived, or user authority being escalated. The likely operational meaning is local test orchestration with explicit verification steps.","What almost weighed against clearing it is that VM/guest automation can be powerful; evidence that the skill rewrites agent identity, injects instructions into another agent, or silently controls a user-facing agent would change this judgment.",
TPFPV1-0002,Agent role or goal manipulation,critical,atr.agent-manipulation.agent-identity-spoofing-and-authority-impersonation#collection-scale,<corpus>/category4_surface_mentions,FP,medium,low,"The collection-level claim is not supported by the sampled examples, which look like ordinary documentation and project instructions.","The finding aggregates alleged agent manipulation across a category, but the examples available for review read as normal project guidance, plugin-development notes, or documentation scaffolding. I did not see concrete instructions to impersonate another agent, overwrite a role, or coerce a model into ignoring higher-priority instructions. The aggregation metrics are not enough by themselves because this review is about canonical issue instances and actual operational meaning. The available evidence therefore does not establish a material risky surface.","The main weakening factor is that collection-level aggregation may hide a true positive in unsampled files; a specific artifact showing role rewriting, agent impersonation, or prompt-precedence abuse would be needed to mark TP.",Collection-root issue; judged on the evidence included in the packet rather than the detector class.
TPFPV1-0003,Agent role or goal manipulation,critical,atr.agent-manipulation.cross-agent-attack-detection,<corpus>/category4_surface_mentions/2025Emma__vibe-coding-cn/i18n/en/skills/postgresql/SKILL.md,FP,high,low,The PostgreSQL evidence concerns database replication/search-path mechanics rather than agent manipulation.,"The snippets reference PostgreSQL concepts such as replication protocol and SQL search_path behavior. Those are database-administration or SQL execution details, not instructions that manipulate an agent’s identity, role, or goals. Nothing in the evidence shows a prompt override, inter-agent control channel, or persistent agent configuration rewrite. The detector appears to have matched technical language outside its claimed risk class.","Evidence of SQL being used to inject instructions into an agent memory/tool registry, or to alter an agent’s persistent configuration, would change the judgment.",
TPFPV1-0005,Agent role or goal manipulation,critical,atr.agent-manipulation.cross-agent-attack-detection,<corpus>/category4_surface_mentions/addyosmani__agent-skills/skills/browser-testing-with-devtools/SKILL.md,FP,high,medium,The browser-testing skill explicitly treats web content as untrusted and requires confirmation for risky actions.,"The artifact contains defensive boundaries around DOM, console, and network content, including warnings not to obey page-provided instructions such as prompt-injection text. It also includes user confirmation gates for navigation or mutation-style browser actions. Browser automation is a sensitive surface in general, but the cited evidence shows mediation and scoping rather than an unguarded capability. The likely operational meaning is safe browser testing with explicit trust-boundary handling.","What almost prevented an FP label is that browser automation can perform real external actions; a missing confirmation path for form submission, navigation, purchase, login, or data exfiltration would make this more concerning.",
TPFPV1-0006,Agent role or goal manipulation,critical,atr.agent-manipulation.cross-agent-attack-detection,<corpus>/category4_surface_mentions/davepoon__buildwithclaude/plugins/claude-ops/skills/setup/SKILL.md,TP,high,high,The setup workflow grants broad background execution and configuration authority with weak per-action approval.,"The claude-ops setup wizard gives the assistant broad latitude to run Bash commands in the background while describing actions instead of showing raw commands. It includes installation, OAuth/keychain interactions, credential scanning, and configuration writes. Although there are some AskUserQuestion gates, the evidence says that a broad instruction such as configuring everything covers the whole setup and does not require per-action confirmation. That creates a real trust-boundary expansion and local persistence surface.","The partial mitigating evidence is the presence of some user-question gates and setup framing; it would be cleared only if the artifact required explicit, visible approval for each install, credential access, and persistent config write.",
TPFPV1-0014,Agent role or goal manipulation,critical,atr.agent-manipulation.cross-agent-privilege-escalation,<corpus>/category4_surface_mentions/sickn33__antigravity-awesome-skills/plugins/antigravity-awesome-skills-claude/skills/agentphone/SKILL.md,FP,high,medium,"The telephony capability is real, but the artifact requires explicit user intent for spendful or outward phone actions.","AgentPhone exposes sensitive operations such as calls, SMS, and phone-number lifecycle management. However, the reviewed evidence explicitly requires user intent before actions that spend money, send messages, place calls, or release numbers. It also scopes API-key handling to the intended service. The presence of telephony functionality alone is not enough to support a finding when the dangerous actions are visibly mediated.","A TP would require evidence that the skill can call, text, purchase/release numbers, or disclose keys without explicit user intent or review.",
TPFPV1-0058,Autonomous execution or looping,high,asamm.AD-02.autonomous-loop-with-writes,<corpus>/category1_top_instruction_repos/NousResearch__hermes-agent/skills/research/research-paper-writing/SKILL.md,TP,high,high,"The full artifact contains a cron-style experiment monitoring loop that commits and pushes completed results, so the autonomous-write surface is real.","My earlier FP underweighted later sections beyond the snippets. The full research-paper workflow instructs the agent to launch long-running experiments, set up periodic monitoring, stay silent when nothing changes, and when results exist run `git add -A`, commit, and push. It also frames the research process as iterative, where results trigger new experiments and reviews trigger new analysis. That is more than ordinary writing assistance; it is an unattended monitoring loop with repository writes and remote pushes. User-visible reporting exists, but it occurs after or alongside the loop rather than as a per-write approval gate.","The workflow is framed around a legitimate research paper pipeline rather than an exploit, and some steps involve reporting back to the user; explicit approval before each experiment launch and before each commit/push would reduce or clear the finding.",Audit correction: changed from FP to TP after reading the experiment monitoring and commit/push sections.
TPFPV1-0059,Autonomous execution or looping,high,asamm.AD-02.autonomous-loop-with-writes,<corpus>/category1_top_instruction_repos/Significant-Gravitas__AutoGPT/.claude/skills/pr-address/SKILL.md,TP,high,high,"The AutoGPT PR workflow explicitly loops over fixing, committing, pushing, replying, resolving, and polling until completion.","The artifact instructs the agent to address pull-request feedback by fixing code, committing and pushing changes, replying to comments, resolving threads, polling for new comments, and repeating until checks and discussion are resolved. The loop includes a concrete polling cadence and external GitHub writes. Those actions alter a remote repository and conversation state without visible per-iteration approval. This is a real autonomous external-action surface.","The mitigating factor is that the workflow is scoped to a PR; it would be less concerning if each push, thread resolution, or comment reply required explicit user approval.",
TPFPV1-0063,Autonomous execution or looping,high,asamm.AD-02.autonomous-loop-with-writes,<corpus>/category1_top_instruction_repos/microsoft__vscode/.github/skills/fix-ci-failures/SKILL.md,TP,medium,high,The VS Code CI-fix workflow authorizes remote code changes and pushes after diagnosing failures.,"The evidence shows a workflow that diagnoses CI failures, fixes the issue, watches checks, and pushes changes. A user may have asked for CI repair, but the artifact still grants the agent authority to modify and push code to a remote branch. The risk is the combination of execution, repository mutation, and feedback-loop behavior around CI. The autonomy is not as explicit as some other PR-loop records, so confidence is medium rather than high.","Clear per-push approval, dry-run-only semantics, or language limiting the workflow to suggestions rather than actual commits would weaken or clear the finding.",
TPFPV1-0064,Autonomous execution or looping,high,asamm.AD-02.autonomous-loop-with-writes,<corpus>/category2_agent_tooling/Significant-Gravitas__AutoGPT/.claude/skills/pr-address/SKILL.md,TP,high,high,The PR-addressing skill repeats commit/push/comment-resolution cycles until CI and reviews stop changing.,"The artifact describes an operational loop over comments, code fixes, commits, pushes, CI status, and replies. It continues until the PR is green and comments are resolved, including new comments that arrive while the loop is running. This is unattended or semi-unattended remote repository mutation. The evidence supports a real risky autonomous workflow rather than a benign mention of PRs.",The main mitigating evidence is that the activity is scoped to one PR; requiring explicit user approval for every push and thread-resolution step would materially reduce the risk.,
TPFPV1-0065,Autonomous execution or looping,high,asamm.AD-02.autonomous-loop-with-writes,<corpus>/category2_agent_tooling/openai__codex/.codex/skills/babysit-pr/SKILL.md,TP,high,high,"The Codex babysitter is a continuous PR watcher that can patch, commit, push, reply, and resolve threads.","The evidence shows a persistent watcher over a PR that continues acting until it is told to stop or the PR stabilizes. It can apply patches, commit and push changes, reply to review comments, and resolve conversations. Those are high-impact remote actions and the loop is explicitly continuous. This supports TP because the risky surface is operational, not merely descriptive.",A strong approval requirement before each repository mutation or GitHub reply would be needed to clear it; the stop condition alone does not neutralize the unattended action surface.,
TPFPV1-0066,Autonomous execution or looping,high,asamm.AD-02.autonomous-loop-with-writes,<corpus>/category3_custom_agents_instructions_skills/NousResearch__hermes-agent/skills/research/research-paper-writing/SKILL.md,TP,high,high,The full research-paper workflow includes periodic monitoring plus automatic commit and push of completed experiment results.,"The previous FP relied too heavily on the citation/writing snippets. In the full artifact, Phase 3 directs the agent to launch experiments, use a cron-style monitoring prompt, suppress status updates when nothing changes, and commit and push once results are available. The workflow also says the process is an iterative loop where results trigger additional experiments. Those instructions create a real autonomous execution/write surface rather than a purely editorial workflow. The risk is especially relevant because the loop can touch experiment artifacts, Git history, and remote repository state.","The legitimate research context and reporting instructions partially mitigate the concern; the case would be weaker if every experiment, re-run, commit, and push required explicit user approval.",Audit correction: changed from FP to TP; duplicate/same artifact as TPFPV1-0058 in another cohort.
TPFPV1-0067,Autonomous execution or looping,high,asamm.AD-02.autonomous-loop-with-writes,<corpus>/category3_custom_agents_instructions_skills/github__awesome-copilot/skills/autoresearch/SKILL.md,TP,high,high,"The autoresearch workflow says to run continuously, not stop, and commit each experiment after setup.","The artifact explicitly names an autonomous iterative experimentation loop. After initial setup or confirmation, it instructs the system to run continuously, perform experiments, and commit results. The user can apparently set a broad or unlimited run, which turns a development workflow into an unattended execution and persistence surface. The explicit continuous-run language makes this a strong TP.",The setup confirmation and possible user-specified limits partially mitigate the issue; strict bounded runs with approval before each experiment and commit would weaken the finding.,
TPFPV1-0068,Autonomous execution or looping,high,asamm.AD-02.autonomous-loop-with-writes#collection-scale,<corpus>/category4_surface_mentions,UNCERTAIN,medium,medium,The collection-level autonomous-loop claim is suggestive but not resolvable from the summarized examples alone.,"The record appears to aggregate several artifacts under an autonomous-loop pattern. Some examples may involve validation or resource workflows rather than dangerous unattended execution. Without enough surrounding context for each underlying canonical surface, it is not possible to tell whether the collection contains a real autonomous action surface or mostly benign iteration language. A binary TP/FP would overstate the evidence.","Specific underlying files showing external mutations, continuous execution, missing approval gates, and stop conditions would resolve this toward TP; examples showing only planning, testing, or documentation would resolve it toward FP.",
TPFPV1-0074,Autonomous execution or looping,high,asamm.AD-02.autonomous-loop-with-writes,<corpus>/category4_surface_mentions/davepoon__buildwithclaude/plugins/gsd/skills/gsd-execute-phase/SKILL.md,TP,high,high,"The gsd execute phase coordinates background tasks, commits, and automatic merges across agents.","The reviewed evidence describes multi-agent execution using background Task calls, implementation work, commits, and automatic merges. It includes some user questions, review options, and blocker stops, but the default operational posture still delegates broad execution and repository mutation. The risk is higher because it changes code state and potentially merges work rather than merely suggesting a plan. The approval language is not strong enough to eliminate the autonomous remote-action surface.",The disconfirming evidence is the presence of checkpoints and blocker handling; explicit user approval before each commit/merge or a dry-run-only mode would materially weaken the TP.,
TPFPV1-0078,Autonomous execution or looping,high,asamm.AD-02.autonomous-loop-with-writes,<corpus>/category4_surface_mentions/sickn33__antigravity-awesome-skills/plugins/antigravity-awesome-skills-claude/skills/iterate-pr/SKILL.md,TP,high,high,The iterate-PR workflow continuously pushes fixes until CI and review feedback are resolved.,"The artifact directs the agent to iterate on a pull request by making fixes, pushing commits, watching CI, and addressing feedback. It is not just a description of PR hygiene; it is an operational workflow for remote repository mutation. The continued polling and fix cycle increases the risk because new feedback can trigger additional actions without a fresh user decision. This is a concrete autonomous action surface.","The risk would be reduced if the artifact required user approval before each push or external comment, or if it only generated patch suggestions.",
TPFPV1-0080,Autonomous execution or looping,high,asamm.AD-02.autonomous-loop-with-writes,<corpus>/category4_surface_mentions/sickn33__antigravity-awesome-skills/plugins/antigravity-awesome-skills/skills/iterate-pr/SKILL.md,TP,high,high,The evidence supports an unattended PR iteration loop with remote code changes.,The record shows the same dangerous pattern of repeatedly modifying a PR until checks pass or feedback is resolved. Commit and push actions affect a remote repository and can trigger CI or deployment workflows. The absence of visible per-action approval is what makes the capability materially risky. This is not merely a benign mention of CI or pull requests.,The existence of a PR scope partially limits blast radius; a confirmed dry-run mode or mandatory approval gates would be needed to clear it.,
TPFPV1-0082,Autonomous execution or looping,high,asamm.AD-02.autonomous-loop-with-writes,<corpus>/category4_surface_mentions/sickn33__antigravity-awesome-skills/skills/iterate-pr/SKILL.md,TP,high,high,The workflow can keep addressing PR comments and pushing changes as conditions evolve.,"The evidence describes an iterative PR workflow with continuous monitoring and remote write actions. It includes commit/push behavior and continued handling of comments or CI results, which creates an unattended external mutation path. Scoping to a single PR does not eliminate the risk because the PR is still a real shared code surface. The finding is supported.","Approval-before-push language, visible diffs awaiting user acceptance, or prohibition on posting/resolving comments would be needed to change this to FP.",
TPFPV1-0087,Broad external action without approval,high,asamm.AD-02.broad-action-without-approval,<corpus>/category1_top_instruction_repos/NousResearch__hermes-agent/optional-skills/email/agentmail/SKILL.md,TP,high,high,AgentMail exposes email sending and inbox management without a visible approval model in the cited artifact.,"The skill provides external email capabilities including creating inboxes and sending messages through an MCP/service interface. Email is a high-impact outward communication channel because it can disclose information, impersonate intent, or trigger business workflows. The reviewed evidence did not show explicit user approval requirements before sending or managing messages. That supports a real broad external action surface.",It would be cleared or downgraded if surrounding instructions required explicit recipient/content review and confirmation before every send or destructive mailbox operation.,
TPFPV1-0088,Broad external action without approval,high,asamm.AD-02.broad-action-without-approval,<corpus>/category1_top_instruction_repos/NousResearch__hermes-agent/skills/autonomous-ai-agents/hermes-agent/SKILL.md,TP,high,high,"The Hermes agent platform material combines external messaging, scheduling, webhooks, tool access, and approval-bypass modes.","The evidence references integrations such as Telegram, Discord, Slack, cron scheduling, webhooks, and agent/tool orchestration. It also includes a mode that can skip dangerous approvals. This combination creates a broad remote-action and persistence surface across communication and automation channels. The issue is not merely that tools exist, but that the platform can operate them through scheduled or approval-weakened workflows.","Individual connectors might be safe if separately gated; a policy requiring explicit user approval for outbound messages, webhook actions, and yolo/approval-bypass use would weaken the finding.",
TPFPV1-0089,Broad external action without approval,high,asamm.AD-02.broad-action-without-approval,<corpus>/category1_top_instruction_repos/affaan-m__everything-claude-code/.codex/AGENTS.md,TP,medium,medium,"The Codex config-sync guidance can add managed MCP servers to user configuration, which is a real trust-boundary expansion.","The prior FP was too dismissive of the operational effect of the config sync. The artifact describes a baseline that enables several MCP servers and a sync script that appends missing managed servers into `~/.codex/config.toml`, with an option to replace managed server configs. Adding GitHub, Supabase, browser, memory, or search MCP servers changes what the agent can access and later do. The risk is bounded because the behavior is add-only by default, preserves user config, and appears to be part of project setup rather than hidden exfiltration. Still, for a broad external-action/trust-boundary finding, the risky surface is materially present.",The script preserves custom user config and does not itself prove destructive remote actions; mandatory user review before adding each server and clear per-tool permission scopes would reduce the case.,"Audit correction: changed from FP to TP for trust-boundary expansion, with medium confidence rather than high."
TPFPV1-0090,Broad external action without approval,high,asamm.AD-02.broad-action-without-approval,<corpus>/category1_top_instruction_repos/affaan-m__everything-claude-code/.kiro/skills/search-first/SKILL.md,TP,medium,medium,The search-first workflow does not stop at research; it tells the agent to install packages or configure MCP when a candidate is selected.,"My earlier FP treated this as only research-before-coding, but the workflow has an explicit implementation stage: install package, configure MCP, or write minimal custom code. The decision matrix says an exact match should be adopted by installing and using it directly, and partial matches should be installed and wrapped. That creates a real external dependency and trust-boundary surface without a visible approval checkpoint after evaluation. The risk is not as severe as an email or deployment action because it is scoped to development dependency selection, but it is not a pure search-only workflow.",The workflow begins from user-requested functionality and includes evaluation of maintenance/license/docs; an explicit final approval step before installing packages or MCP servers would weaken or clear the finding.,Audit correction: changed from FP to TP after reading the workflow implementation step.
TPFPV1-0091,Broad external action without approval,high,asamm.AD-02.broad-action-without-approval,<corpus>/category1_top_instruction_repos/affaan-m__everything-claude-code/skills/autonomous-agent-harness/SKILL.md,TP,high,high,"The autonomous-agent harness supports persistent self-directed operation through schedules, webhooks, memory, and computer use.","The evidence describes infrastructure for a persistent autonomous agent rather than a one-shot assistant workflow. Features such as cron/scheduled operation, webhooks, dispatch, memory, and computer use materially expand the action surface. These features can cause the system to act after the immediate user turn and across external interfaces. That is a real unattended execution and broad-action risk.","The finding would be weakened by strict user-controlled scheduling, human approval before every external action, and hard limits on memory/tool use.",
TPFPV1-0092,Broad external action without approval,high,asamm.AD-02.broad-action-without-approval,<corpus>/category1_top_instruction_repos/affaan-m__everything-claude-code/skills/search-first/SKILL.md,TP,medium,medium,"The artifact instructs adoption by installing packages and configuring MCP, so it creates an unapproved dependency/tool expansion surface.","The prior rationale underread the implementation phase. The workflow moves from parallel package/MCP/GitHub/web search to a decision stage and then implementation, including installing packages or configuring MCP. Its decision matrix explicitly says to install and use a well-maintained exact match. That is a concrete trust-boundary expansion, not merely comparison of options. Confidence remains medium because the skill is framed as normal development support and has some evaluation criteria before action.",This would be closer to FP if the artifact required presenting candidates and obtaining user approval before every install or MCP configuration change.,Audit correction: changed from FP to TP; same search-first pattern as TPFPV1-0090.
TPFPV1-0093,Broad external action without approval,high,asamm.AD-02.broad-action-without-approval,<corpus>/category1_top_instruction_repos/angular__angular/.agent/skills/pr_review/SKILL.md,FP,high,medium,The Angular PR-review artifact has explicit controls forbidding commits/pushes and requiring approval before posting.,"The evidence shows a GitHub PR-review workflow, which can be sensitive because comments affect a public or team process. However, it explicitly says not to commit or push and requires user approval before posting comments. The AGENT-prefix convention also improves visibility and attribution. These controls meaningfully neutralize the broad-action concern in the sampled evidence.",The residual concern is that PR comments can still influence maintainers; missing or bypassed approval-before-posting language would change the judgment.,
TPFPV1-0094,Broad external action without approval,high,asamm.AD-02.broad-action-without-approval,<corpus>/category1_top_instruction_repos/anthropics__claude-code/plugins/plugin-dev/skills/mcp-integration/SKILL.md,TP,medium,medium,"The MCP integration material teaches adding external tools and services, expanding the assistant’s trust boundary.","The artifact describes adding or configuring MCP servers that connect to services, databases, APIs, filesystems, or hosted/child-process backends. That materially changes what tools the agent can reach and what data or actions become available. The context appears to be legitimate plugin development, so the issue is not necessarily malicious. Still, the risky surface is technically present because tool installation/configuration expands authority.","This would be downgraded if every MCP server addition required explicit user approval, least-privilege scopes, and clear warnings before credentials or external services were connected.",
TPFPV1-0095,Broad external action without approval,high,asamm.AD-02.broad-action-without-approval,<corpus>/category1_top_instruction_repos/microsoft__vscode/extensions/copilot/src/extension/chatSessions/copilotcli/AGENTS.md,FP,high,low,"The VS Code material describes tool confirmation and permission plumbing, not unsafe broad action.",The cited evidence is architectural documentation around tool confirmations and permission management. Discussing how confirmations work is not the same as bypassing or removing them. I did not find instructions granting the agent unapproved external authority. The operational meaning is explanatory or defensive.,"Evidence that the artifact disables confirmations, auto-approves tools, or expands permissions without user consent would be required for TP.",
TPFPV1-0096,Broad external action without approval,high,asamm.AD-02.broad-action-without-approval,<corpus>/category2_agent_tooling/anthropics__claude-code/plugins/plugin-dev/skills/mcp-integration/SKILL.md,TP,medium,medium,"The MCP integration workflow can add external services and hosted tools, creating a real trust-boundary expansion.","The evidence includes connecting MCP servers to external APIs, databases, filesystems, OAuth flows, and child-process or hosted services. Adding such servers changes the effective capabilities of the agent environment. Even when user-requested, the operation is a sensitive configuration action that can expose data or enable remote effects. The finding is supported, though confidence is medium because the snippet is framed as integration guidance rather than an exploit.","Strong approval gates, scoped permissions, and explicit review before each server/credential addition would weaken or clear the issue.",
TPFPV1-0097,Broad external action without approval,high,asamm.AD-02.broad-action-without-approval,<corpus>/category3_custom_agents_instructions_skills/ComposioHQ__awesome-claude-skills/composio-skills/customerio-automation/SKILL.md,TP,high,high,The Customer.io automation skill can trigger marketing broadcasts and manage audience assets without visible send approvals.,"The artifact exposes high-impact marketing operations through Composio/Rube MCP, including broadcast-style actions, newsletters, templates, and segment management. These actions can contact many recipients or alter campaign targeting. I did not see a clear per-action confirmation requirement for broadcasts or recipient-affecting changes. That is a materially risky external action surface.","Evidence of mandatory recipient list review, content preview, and explicit final confirmation before every send/broadcast would significantly reduce the finding.",
TPFPV1-0113,Broad external action without approval,high,asamm.AD-02.broad-action-without-approval#collection-scale,<corpus>/category4_surface_mentions,UNCERTAIN,low,medium,The collection-root broad-action record is too mixed to support a stable TP or FP.,"The summarized evidence appears to combine many artifacts, some of which may be benign SDK or guideline documentation. A collection-level detector result does not show which specific canonical surface creates the risk. Without more precise underlying snippets or full-file context, I cannot tell whether the record reflects real unmediated external actions or harmless references to cloud/service APIs. UNCERTAIN is the most evidence-based label.","A specific file showing externally mutating actions without approval would resolve this as TP; examples limited to API documentation, scoped SDK usage, or approval-gated workflows would resolve it as FP.",
TPFPV1-0114,Broad external action without approval,high,asamm.AD-02.broad-action-without-approval,<corpus>/category4_surface_mentions/Galaxy-Dawn__claude-scholar/skills/mcp-integration/SKILL.md,TP,medium,medium,The MCP integration guidance expands the agent’s available tools and external service reach.,"The reviewed evidence discusses adding MCP servers and connecting them to services, APIs, databases, filesystems, or hosted processes. This is a trust-boundary expansion because it changes what resources and actions an agent can access. The surrounding context may be legitimate development documentation, which lowers confidence and harm relative to an outright autonomous exploit. Nevertheless, the risky surface exists in the artifact.","The case would be weaker if the full workflow required explicit user approval, least-privilege scopes, and clear disclosure before enabling any server or credentials.",
TPFPV1-0115,Broad external action without approval,high,asamm.AD-02.broad-action-without-approval,<corpus>/category4_surface_mentions/Yeachan-Heo__oh-my-codex/skills/plan/SKILL.md,FP,high,low,The planning skill explicitly rejects autonomous end-to-end execution and requires scoping/approval.,"The evidence frames the artifact as a planning tool, not a worker that should complete all steps unattended. It includes instructions not to use it for autonomous end-to-end execution and to ask scoping or approval questions. Those controls directly address the dangerous pattern the detector appears to be flagging. On this record, the risky broad-action surface is not supported.","A TP would require later sections that override the planning-only limitation and authorize execution, deployment, purchasing, or remote mutation without approval.",
TPFPV1-0116,Broad external action without approval,high,asamm.AD-02.broad-action-without-approval,<corpus>/category4_surface_mentions/danielmiessler__Personal_AI_Infrastructure/Releases/v3.0/.claude/skills/Cloudflare/SKILL.md,TP,high,high,The Cloudflare deployment skill can publish workers/pages and change cloud state without a visible final deployment gate.,"The artifact performs real cloud deployment actions, including Workers/Pages operations and token/config handling. External deployment changes production or public infrastructure state and can expose data or costs. The evidence includes some safety practices such as token handling and notifications, but notification is not the same as approval. The remote deployment authority is a material risky surface.","Explicit pre-deploy review, dry-run defaults, and user confirmation for each deployment or token/config change would weaken the TP.",
TPFPV1-0117,Broad external action without approval,high,asamm.AD-02.broad-action-without-approval,<corpus>/category4_surface_mentions/danielmiessler__Personal_AI_Infrastructure/Releases/v4.0.0/.claude/skills/Scraping/BrightData/SKILL.md,TP,high,high,The BrightData workflow escalates from normal fetches to browser/proxy scraping without a clear approval gate.,"The artifact describes a progressive escalation path from WebFetch and curl to browser automation and Bright Data MCP/proxy usage. That creates a broad external crawling/scraping surface with third-party infrastructure. The workflow appears operational rather than merely educational. Without clear user approval and scope limits, this is a real remote-action and data-collection risk.","Strong domain scoping, rate limits, robots/legal checks, and approval before proxy/crawl escalation would be needed to reduce the concern.",
TPFPV1-0118,Broad external action without approval,high,asamm.AD-02.broad-action-without-approval,<corpus>/category4_surface_mentions/danielmiessler__Personal_AI_Infrastructure/Releases/v4.0.1/.claude/skills/Scraping/BrightData/SKILL.md,TP,high,high,The scraping skill enables external crawling through BrightData/proxy mechanisms with weak visible mediation.,"The evidence shows automated acquisition paths that can fetch, crawl, or browse external sites using enhanced infrastructure. Such tooling can collect data at scale and cross trust boundaries beyond normal single-page browsing. The snippets do not show meaningful user confirmation before escalation to those methods. This supports a TP for broad external action.","Approval gates, explicit target allowlists, and defensive-only or single-page constraints would be needed to clear it.",
TPFPV1-0121,Broad external action without approval,high,asamm.AD-02.broad-action-without-approval,<corpus>/category4_surface_mentions/davepoon__buildwithclaude/plugins/all-skills/skills/x-twitter-scraper/SKILL.md,TP,medium,medium,"The X/Twitter skill supports paid extraction, monitoring, webhooks, and giveaway workflows without a strong approval model, but it appears mostly data-oriented rather than outbound posting.","The TP label is still supported because the skill connects to an external social-data service, configures API/MCP access, starts extraction jobs, manages monitors/webhooks, and can run giveaway draws. Those actions can create privacy, compliance, and cost concerns. However, my earlier high harm relevance overstated the evidence: the artifact is mostly search/extraction/monitoring, not direct posting or account-control automation. The strongest available mitigation is that some bulk extraction workflows say to estimate cost first, but that is not the same as a final approval gate.","Evidence that the skill is read-only, rate-limited, target-scoped, and requires user approval before monitors, webhooks, or paid extraction jobs would reduce the case.",Audit adjustment: retained TP but changed harm relevance from high to medium.
TPFPV1-0122,Broad external action without approval,high,asamm.AD-02.broad-action-without-approval,<corpus>/category4_surface_mentions/huggingface__skills/skills/huggingface-llm-trainer/SKILL.md,TP,high,high,The Hugging Face trainer submits paid cloud jobs and uses secrets by default.,"The evidence instructs the agent to use `hf_jobs()` and submit jobs rather than merely prepare local code. That can consume paid GPU resources, access HF tokens, and publish or persist artifacts. The action is remote, costly, and credential-bearing. The risk is materially present even if the task is framed as model training.","The issue would be weakened by mandatory cost review, explicit final confirmation before submission, and least-privilege/token-scope requirements.",
TPFPV1-0123,Broad external action without approval,high,asamm.AD-02.broad-action-without-approval,<corpus>/category4_surface_mentions/huggingface__skills/skills/huggingface-vision-trainer/SKILL.md,TP,high,high,The vision trainer explicitly submits paid Hugging Face Jobs with write tokens and Hub persistence after collecting preferences.,"The earlier UNCERTAIN label was overly cautious. The full workflow says to save the training script, submit the job using `hf_jobs` or `HfApi().run_uv_job()`, pass `HF_TOKEN` in job secrets, enable `push_to_hub`, and report the job ID, monitoring URL, expected time, and estimated cost. The preference questions about quick/full runs and validation splits are meaningful mediation, but they do not constitute a final review or approval gate before cloud submission. The artifact therefore supports a real broad external-action surface involving paid compute, credentials, and persistent Hub writes. It should be TP rather than unresolved.","The artifact asks user preferences and includes cost estimation; a mandatory final confirmation immediately before job submission, plus least-privilege token guidance, would reduce or possibly clear the finding.",Audit correction: changed from UNCERTAIN to TP after reading Step 5 and critical directives.
TPFPV1-0151,Broad external action without approval,high,asamm.AD-02.broad-action-without-approval,<corpus>/category4_surface_mentions/wentorai__Research-Claw/skills/imap-smtp-email/SKILL.md,TP,high,high,The IMAP/SMTP skill can read and send email with credentials and no visible approval model.,The artifact exposes mailbox access and outbound SMTP sending. Email is a sensitive external action surface because it can disclose private data and communicate on the user’s behalf. The evidence includes credential configuration and attachment handling but does not show mandatory confirmation before sends or destructive mailbox operations. This supports TP.,"The finding would be weakened by explicit approval for every outbound email, attachment, deletion, move, or bulk mailbox action.",
TPFPV1-0152,Credential or PII exposure surface,critical,cisco-pg.pii_exposure.pg-pii-ssn-harvesting,<corpus>/category1_top_instruction_repos/affaan-m__everything-claude-code/.agents/skills/frontend-patterns/SKILL.md,FP,high,low,"The matched snippet is a React focus-ref call, not collection or exposure of SSNs or national IDs.","The evidence appears to include `previousFocusRef.current?.focus()` or similar UI-focus code. That has no operational connection to credential or PII harvesting. It does not request, store, transmit, or expose sensitive identifiers. The detector matched unrelated syntax or vocabulary.","A TP would require actual collection, logging, transmission, or display of PII such as SSNs, national IDs, credentials, or similar secrets.",
TPFPV1-0153,Credential or PII exposure surface,critical,cisco-pg.pii_exposure.pg-pii-ssn-harvesting,<corpus>/category1_top_instruction_repos/affaan-m__everything-claude-code/.kiro/skills/frontend-patterns/SKILL.md,FP,high,low,The frontend pattern evidence is unrelated to PII harvesting.,"The cited React/frontend code handles focus state or UI behavior. No sensitive personal identifiers are requested, persisted, or exfiltrated. The record’s risk class is therefore unsupported by the actual snippet. This is a clear false positive on benign frontend implementation details.",Evidence of forms collecting sensitive identifiers or code logging/transmitting them would be needed to mark TP.,
TPFPV1-0166,Credential or PII exposure surface,critical,cisco-pg.pii_exposure.pg-pii-ssn-harvesting,<corpus>/category1_top_instruction_repos/freeCodeCamp__freeCodeCamp/.github/copilot-instructions.md,FP,high,low,"The freeCodeCamp PR text uses issue-closing syntax, not SSN or sensitive-identifier handling.",The snippet `Closes #XXXXX` is standard GitHub issue-linking language. It is not a request for a social-security number or a national identifier. There is no credential or PII collection/exposure pathway in the evidence. The detector appears to have mistaken placeholder syntax for sensitive data.,"A TP would require the artifact to ask for, store, reveal, or process real sensitive personal identifiers.",
TPFPV1-0171,Credential or PII exposure surface,critical,cisco-pg.pii_exposure.pg-pii-credential-harvesting#collection-scale,<corpus>/category4_surface_mentions,UNCERTAIN,low,medium,"The collection-root credential/PII claim is not supported by the inspected examples, but the aggregate may omit decisive context.","The available examples looked like general skill-creation or AGENTS documentation and ordinary authentication discussion. I did not see concrete credential harvesting, PII collection, or exposure instructions. However, because this is an aggregate record, it is possible that unsurfaced underlying items contain a real secret-handling issue. The safest evidence-based label is UNCERTAIN rather than FP.","Full underlying records showing only defensive secret handling would clear it; snippets asking the agent to collect, reveal, log, or transmit credentials/PII would make it TP.",
TPFPV1-0172,Credential or PII exposure surface,critical,cisco-pg.pii_exposure.pg-pii-ssn-harvesting,<corpus>/category4_surface_mentions/KhazP__vibe-coding-prompt-template/.claude/skills/vibe-agents/SKILL.md,FP,high,low,"The template asks for critical project information and planning approval, not sensitive personal data.","The evidence describes a project/template workflow that collects requirements or critical information for planning. That phrase is not equivalent to collecting credentials, SSNs, or national IDs. The reviewed material does not show PII fields, secret exfiltration, or unsafe storage. The detector overgeneralizes ordinary requirements gathering.","A TP would require concrete sensitive fields, credential requests, unsafe logs, or third-party transmission of personal data.",
TPFPV1-0190,Credential or PII exposure surface,critical,cisco-pg.pii_exposure.pg-pii-card-harvesting,<corpus>/category4_surface_mentions/jeremylongshore__claude-code-plugins-plus-skills/plugins/saas-packs/windsurf-pack/skills/windsurf-security-basics/SKILL.md,FP,high,low,The security-basics material is defensive and says not to log PII or secrets.,"The evidence explicitly warns against logging sensitive data such as email, phone, SSN, or credit-card information. It also references excluding secrets from indexing. That is the opposite of a credential/PII harvesting instruction. The operational meaning is defensive secure-coding guidance.","Only contrary surrounding text instructing collection, exposure, or insecure persistence of PII/secrets would change this judgment.",
TPFPV1-0192,Persistent identity rewrite,critical,asamm.AI-04.persistent-identity-rewrite,<corpus>/category1_top_instruction_repos/NousResearch__hermes-agent/skills/red-teaming/godmode/SKILL.md,TP,high,high,The Hermes godmode skill is explicitly about bypassing safety filters and jailbreak-style model control.,"The evidence says the skill is used when a user wants to bypass safety filters or jailbreak a model. It includes Hermes-native prefill or system-prompt integration that can alter the model’s behavior and identity framing. This is a direct prompt/role manipulation surface, not an incidental mention of jailbreaks. The finding is strongly supported.",The only mitigating possibility would be if the full artifact were a defensive analysis of jailbreaks; the sampled evidence instead frames it as an operational bypass skill.,
TPFPV1-0193,Persistent identity rewrite,critical,asamm.AI-04.persistent-identity-rewrite,<corpus>/category3_custom_agents_instructions_skills/NousResearch__hermes-agent/skills/red-teaming/godmode/SKILL.md,TP,high,high,The artifact operationalizes model safety bypass and role/prompt manipulation.,The snippets describe a godmode or jailbreak-oriented skill for changing how a model responds. That creates a real instruction-override and identity/role manipulation surface. The use of system-prompt or prefill mechanics further supports operational capability rather than commentary. This is a high-confidence TP.,"Defensive-only framing, refusal to execute jailbreaks, or sandboxed analysis examples would be needed to clear the issue.",
TPFPV1-0194,Persistent identity rewrite,critical,asamm.AI-04.persistent-identity-rewrite,<corpus>/category4_surface_mentions/sickn33__antigravity-awesome-skills/plugins/antigravity-awesome-skills-claude/skills/007/SKILL.md,FP,high,low,"The Portuguese security material mentions prompt injection and jailbreak as security topics, not as operational instructions.","The evidence appears to list concepts such as prompt injection and jailbreak in a security/compliance context. Naming a risky concept is not the same as instructing an agent to perform it. I did not see role rewriting, persistent identity change, or bypass steps. The detector matched benign defensive vocabulary.",A TP would require concrete jailbreak instructions or a workflow that tells the agent to ignore higher-priority rules or impersonate another role.,
TPFPV1-0195,Persistent identity rewrite,critical,asamm.AI-04.persistent-identity-rewrite,<corpus>/category4_surface_mentions/sickn33__antigravity-awesome-skills/plugins/antigravity-awesome-skills-claude/skills/mobile-security-coder/SKILL.md,FP,high,low,"The mobile-security code discusses device root/jailbreak detection, not LLM identity rewriting.","In mobile-security contexts, jailbreak/root detection refers to the state of iOS/Android devices. The evidence does not relate to prompt jailbreaks or agent role manipulation. The operational meaning is defensive mobile hardening. The risk class is therefore unsupported.",Evidence that the artifact applies jailbreak techniques to an AI model or rewrites agent identity would change the label.,
TPFPV1-0196,Persistent identity rewrite,critical,asamm.AI-04.persistent-identity-rewrite,<corpus>/category4_surface_mentions/sickn33__antigravity-awesome-skills/plugins/antigravity-awesome-skills-claude/skills/security-scanning-security-hardening/SKILL.md,FP,high,low,The security-hardening prompt uses jailbreak in the mobile-device sense and is defensive.,The snippet concerns mobile app hardening and device compromise detection. That is distinct from prompt jailbreaks or persistent model identity changes. There is no instruction to override an agent’s role or safety policy. The detector overfired on an ambiguous term.,"A TP would need surrounding text showing LLM prompt jailbreaks, persona override, or system-prompt manipulation.",
TPFPV1-0197,Persistent identity rewrite,critical,asamm.AI-04.persistent-identity-rewrite,<corpus>/category4_surface_mentions/sickn33__antigravity-awesome-skills/plugins/antigravity-awesome-skills/skills/007/SKILL.md,FP,high,low,"The 007/security material is a defensive topic list, not an identity-rewrite workflow.","The evidence mentions prompt injection or jailbreak as security-relevant concepts. The material does not instruct the agent to perform a jailbreak, alter its role, or persist a new identity. Educational or defensive discussion should not be treated as a real risky surface. The record is unsupported.",Operational steps for bypassing safety filters or changing the assistant’s governing role would be needed for TP.,
TPFPV1-0198,Persistent identity rewrite,critical,asamm.AI-04.persistent-identity-rewrite,<corpus>/category4_surface_mentions/sickn33__antigravity-awesome-skills/plugins/antigravity-awesome-skills/skills/mobile-security-coder/SKILL.md,FP,high,low,The mobile-security evidence is about detecting rooted or jailbroken devices.,The term jailbreak is used in a mobile platform security sense. The artifact appears to help code or harden mobile applications rather than manipulate an AI agent. No prompt override or identity rewrite is shown. This is a straightforward false positive.,Evidence connecting the text to LLM jailbreak execution or system-prompt override would change the judgment.,
TPFPV1-0199,Persistent identity rewrite,critical,asamm.AI-04.persistent-identity-rewrite,<corpus>/category4_surface_mentions/sickn33__antigravity-awesome-skills/plugins/antigravity-awesome-skills/skills/security-scanning-security-hardening/SKILL.md,FP,high,low,The security-hardening content is defensive mobile guidance rather than model jailbreak guidance.,The cited root/jailbreak detection language fits normal mobile app security. It does not create a persistent agent identity rewrite or an instruction to ignore system constraints. The likely operational meaning is benign hardening. The risky label is not supported.,"A true positive would require actual model-role manipulation, not device-compromise terminology.",
TPFPV1-0200,Persistent identity rewrite,critical,asamm.AI-04.persistent-identity-rewrite,<corpus>/category4_surface_mentions/sickn33__antigravity-awesome-skills/skills/007/SKILL.md,FP,high,low,The Portuguese security evidence names jailbreak as a security concern but does not operationalize it.,"The artifact appears to discuss security topics and risks. Mentioning prompt injection or jailbreak in such a context can be protective or educational. The snippets do not show a role override, system-prompt rewrite, or bypass procedure. This should be treated as FP.",Concrete commands or instructions to jailbreak a model would change the adjudication.,
TPFPV1-0201,Persistent identity rewrite,critical,asamm.AI-04.persistent-identity-rewrite,<corpus>/category4_surface_mentions/sickn33__antigravity-awesome-skills/skills/mobile-security-coder/SKILL.md,FP,high,low,"The mobile-security artifact uses jailbreak terminology for device state, not AI prompt bypass.",The evidence is consistent with Android/iOS root or jailbreak detection in app security. That does not manipulate an agent role or override instructions. No prompt-level exploit or identity rewrite is present. The detector matched a homonym in the wrong domain.,Surrounding text about LLM jailbreaks or persona takeover would be required for TP.,
TPFPV1-0202,Persistent identity rewrite,critical,asamm.AI-04.persistent-identity-rewrite,<corpus>/category4_surface_mentions/sickn33__antigravity-awesome-skills/skills/security-scanning-security-hardening/SKILL.md,FP,high,low,The cited security-hardening text is not an instruction to rewrite an agent identity.,"The evidence concerns defensive mobile security controls. The word jailbreak appears in a device-security context. There is no operational pathway for prompt override, role replacement, or persistence of a new agent identity. The finding is unsupported.",A true prompt-jailbreak workflow or persistent role-change instruction would alter this conclusion.,
TPFPV1-0203,Prompt or instruction override surface,high,atr.prompt-injection.indirect-reference-instruction-reversal,<corpus>/category1_top_instruction_repos/NousResearch__hermes-agent/AGENTS.md,UNCERTAIN,medium,medium,The Hermes prompt-injection semantics are suggestive but require runtime context to judge.,"The evidence says skills are injected as a user message rather than a system prompt, partly to preserve prompt caching, and references slash-command or registry mechanics. That is a real prompt-composition detail and could affect instruction precedence. However, the snippet is descriptive system design rather than an instruction to override policy or inject malicious content. Runtime behavior and surrounding enforcement rules are needed to decide whether this is a dangerous override surface.","If injected skill text can override higher-priority instructions or untrusted skill content can be loaded, this becomes TP; if the mechanism is sandboxed and subordinate to system policy, it should be FP.",
TPFPV1-0206,Prompt or instruction override surface,high,atr.prompt-injection.hidden-override-instructions-in-skill-content,<corpus>/category1_top_instruction_repos/anthropics__skills/skills/skill-creator/SKILL.md,FP,high,low,The skill-creator text uses the current model ID for evaluation fidelity; it does not instruct prompt override or hidden-policy bypass.,"The earlier UNCERTAIN label gave too much weight to the phrase “system prompt.” In context, the artifact tells the user to run a bounded optimization loop for skill triggering and to use the model ID powering the current session so evals match the user’s experience. It does not ask the agent to reveal, copy, or override the hidden system prompt. The background eval loop may be relevant to autonomy or cost, but it is not evidence for a prompt/instruction override surface. The finding is therefore unsupported for this record.","A TP would require evidence that the skill extracts hidden prompt content, promotes lower-priority skill text above system rules, or uses eval results to bypass safety policy.",Audit correction: changed from UNCERTAIN to FP.
TPFPV1-0207,Prompt or instruction override surface,high,atr.prompt-injection.indirect-prompt-injection-via-external-content,<corpus>/category1_top_instruction_repos/microsoft__vscode/extensions/copilot/src/extension/chatSessions/claude/AGENTS.md,FP,high,low,The VS Code documentation links to system-prompt modification material descriptively rather than instructing a bypass.,"The evidence appears to reference Anthropic SDK documentation or a concept called modifying system prompts. Documentation links and architectural discussion are not enough to establish a prompt override vulnerability. I did not see instructions telling the agent to ignore, replace, or circumvent higher-priority rules. The operational meaning is explanatory.",A TP would require the artifact to actively modify the assistant’s governing instructions or load untrusted instructions at higher priority.,
TPFPV1-0213,Prompt or instruction override surface,high,atr.prompt-injection.dual-response-persona-jailbreak#collection-scale,<corpus>/category4_surface_mentions,FP,medium,low,The collection-root dual-persona claim is not supported by the sampled ordinary docs and validation content.,"The evidence appears to aggregate unrelated documents such as validation workflows, ordinary AGENTS guidance, or conceptual research notes. I did not see a dual-response persona jailbreak, hidden mode, or instruction to produce policy-bypassing alternate answers. Collection-level rule names cannot substitute for concrete operational evidence. The record should be treated as unsupported.","If an underlying file explicitly implemented a dual persona such as safe/unsafe responses or hidden jailbreak mode, that would change the label.",
TPFPV1-0217,Prompt or instruction override surface,high,atr.prompt-injection.indirect-reference-instruction-reversal,<corpus>/category4_surface_mentions/danielmiessler__Personal_AI_Infrastructure/Releases/v2.5/.claude/skills/PAI/SKILL.md,TP,high,high,The Personal AI Infrastructure skill defines authoritative steering rules that can override system-level rules for user customizations.,"The evidence includes strong precedence language such as an always-running algorithm, required first-token behavior, and `STEERINGRULES.md` overriding system rules for user customizations. That creates a persistent instruction-precedence and role/behavior rewrite surface. It is not merely a description of personalization; it changes which instructions govern future agent behavior. This is a high-confidence prompt/identity manipulation TP.",A safer design would subordinate steering files to system/developer instructions and prohibit user files from overriding safety or tool-use policy.,
TPFPV1-0221,Prompt or instruction override surface,high,atr.prompt-injection.hidden-override-instructions-in-skill-content,<corpus>/category4_surface_mentions/openakita__openakita/skills/skill-creator/SKILL.md,FP,high,low,The referenced skill-creator workflow runs bounded trigger evals and uses model metadata; it does not show an unsafe instruction override.,"The same skill-creator context appears here under another cohort. The matched text concerns an evaluation script that takes an eval set, a skill path, and a model ID, then iterates up to five times to improve a skill description. This is optimization of trigger reliability, not an instruction to override higher-priority rules or expose hidden prompt content. While background execution and model calls can have resource implications, the evidence does not support the prompt-override class. FP is more honest than leaving the case unresolved.",This would change if surrounding code used hidden system-prompt text as training/eval material or made generated skill content authoritative over system/developer constraints.,Audit correction: changed from UNCERTAIN to FP; duplicate pattern as TPFPV1-0206.
TPFPV1-0246,Remote fetch or install expands trust boundary,critical,aguara.external-download.curl-or-wget-piped-to-shell,<corpus>/category1_top_instruction_repos/NousResearch__hermes-agent/skills/autonomous-ai-agents/hermes-agent/SKILL.md,TP,high,high,The Hermes installer uses a remote curl-to-bash pattern that expands trust to fetched code.,"The evidence includes a command like fetching an install script from GitHub and piping it directly to bash. That executes remote code without local inspection, which is a classic trust-boundary expansion. Additional MCP-add commands may further change the agent tool environment. The finding is supported even if the project is legitimate.","Checksums, pinned releases, manual review before execution, or package-manager installation with signature verification would reduce the risk.",
TPFPV1-0247,Remote fetch or install expands trust boundary,critical,aguara.external-download.curl-or-wget-piped-to-shell,<corpus>/category1_top_instruction_repos/affaan-m__everything-claude-code/docs/zh-CN/skills/autonomous-loops/SKILL.md,TP,high,high,The continuous-claude installation path pipes a remote script to bash and supports autonomous loops.,"The artifact includes remote install execution through curl-to-bash. It also appears connected to an autonomous continuous-agent workflow, increasing the consequences of trusting the fetched script. Executing unaudited remote installer code is materially risky. This is a clear TP for remote fetch/install trust expansion.","The case would be weaker if the installer were downloaded, verified with a pinned checksum/signature, and reviewed before execution.",
TPFPV1-0251,Remote fetch or install expands trust boundary,critical,aguara.external-download.curl-or-wget-piped-to-shell#collection-scale,<corpus>/category4_surface_mentions,TP,high,high,The collection includes multiple curl/wget-to-shell installer patterns.,"The evidence aggregates commands that fetch install scripts from remote locations and execute them with a shell. That is a real risky pattern because it runs code controlled by a remote repository or server in the local environment. Even if some examples are legitimate common installation methods, the trust-boundary expansion is technically present. The canonical issue is therefore supported.","Signed releases, pinned hashes, or explicit instructions to inspect downloaded scripts before running would materially weaken the finding.",
TPFPV1-0252,Remote fetch or install expands trust boundary,critical,aguara.external-download.curl-or-wget-piped-to-shell,<corpus>/category4_surface_mentions/Galaxy-Dawn__claude-scholar/skills/uv-package-manager/SKILL.md,TP,medium,medium,"The uv installation instructions execute a remote installer script, a real but common trust-boundary expansion.","The artifact includes official installation commands that pipe or invoke remotely fetched installer scripts. This pattern can be legitimate and widely used, but it still delegates local code execution to a network response. The risk is lower than a suspicious third-party script because the source appears official. Nevertheless, the detector’s remote fetch/install concern is supported.","Use of signed package-manager distribution, pinned checksums, or a review-before-run flow would reduce or clear the issue.",
TPFPV1-0258,Remote fetch or install expands trust boundary,critical,aguara.external-download.curl-or-wget-piped-to-shell,<corpus>/category4_surface_mentions/sickn33__antigravity-awesome-skills/plugins/antigravity-awesome-skills-claude/skills/cloud-penetration-testing/SKILL.md,TP,medium,high,The cloud penetration-tool setup installs remote command-line tooling through fetched installers.,"The evidence includes installing cloud CLIs or pentest tooling via curl/unzip/bash-style flows. These commands expand local trust and prepare tools that can operate against cloud accounts. The context may be legitimate penetration testing, so the issue is not automatically malicious. The remote installation and high-privilege cloud tooling still make the risky surface real.","The finding would be reduced by pinned versions, signature verification, least-privilege credentials, and explicit user authorization for subsequent cloud actions.",
TPFPV1-0268,Remote fetch or install expands trust boundary,critical,aguara.external-download.curl-or-wget-piped-to-shell,<corpus>/category4_surface_mentions/steipete__agent-scripts/skills/xurl/SKILL.md,TP,medium,medium,The xurl installation options include remote install scripts and global package installs.,"The artifact provides installation methods such as curl-to-shell, npm global install, or go install. These are legitimate developer setup patterns but still execute or install code from remote sources. The risk is the trust-boundary expansion, not proof of malicious intent. The finding is therefore supported with medium confidence and harm.","Checksums, signatures, pinned versions, and a non-executing download/review path would weaken the issue.",
TPFPV1-0270,Remote fetch or install expands trust boundary,high,aguara.external-download.mcp-server-auto-registration,<corpus>/category1_top_instruction_repos/affaan-m__everything-claude-code/docs/zh-CN/skills/claude-devfleet/SKILL.md,TP,medium,high,The devfleet workflow adds a local MCP server and can dispatch planned tasks into auto-merge-style execution.,"The evidence shows adding an MCP server over localhost and using it for project/task orchestration. It also references planned tasks, dispatch, and auto-merge-like behavior, with some confirmation before dispatch unless the user has already asked to continue. Adding an MCP server changes the tools and authority available to the assistant, and the downstream actions can mutate code. This is a real trust-boundary and autonomous-execution surface, though partially mediated.",The explicit confirmation before dispatch weakens the case; mandatory approval before adding the server and before each merge/write action would lower the risk substantially.,
TPFPV1-0277,Remote fetch or install expands trust boundary,medium,aguara.external-download.remote-sdk-or-script-fetch-as-agent-input,<corpus>/category1_top_instruction_repos/affaan-m__everything-claude-code/.agents/skills/x-api/SKILL.md,FP,medium,medium,"The X API skill may post externally, but the remote-fetch/install finding is not supported by the cited evidence.","The record concerns posting or uploading media through official X API endpoints. That is an external action surface, but the finding class here is remote SDK/script fetch or installation. The reviewed snippets do not show executing fetched code or installing remote tooling. The artifact also appears to include approval before posting, further reducing the broad-action concern.","Evidence of `curl | sh`, dynamic SDK download/execution, or automatic package installation would change this specific label.",
TPFPV1-0286,SSRF or internal service reachability,critical,aguara.ssrf-cloud.aws-imds-token-request,<corpus>/category4_surface_mentions/Ed1s0nZ__CyberStrikeAI/skills/ssrf-testing/SKILL.md,TP,high,high,"The SSRF testing skill explicitly targets internal hosts, metadata endpoints, and bypass variants.","The evidence includes testing localhost, private IP ranges, cloud metadata addresses such as 169.254.169.254, Redis-like services, internal admin endpoints, and encoded bypass techniques. Those are exactly the surfaces implicated by SSRF/internal reachability risks. Even if the context is security testing, the artifact operationalizes access attempts against sensitive internal services. The finding is strongly supported.","A constrained lab-only environment, explicit written authorization requirement, and prohibition on real internal/cloud metadata targets would reduce the concern.",
TPFPV1-0287,SSRF or internal service reachability,critical,aguara.ssrf-cloud.cloud-credential-endpoint,<corpus>/category4_surface_mentions/davepoon__buildwithclaude/plugins/claude-ops/skills/ops-marketing/SKILL.md,FP,high,low,"The Google Ads OAuth token refresh is normal external authentication, not SSRF to an internal metadata endpoint.","The evidence references refreshing OAuth tokens through Google’s public token endpoint. That is standard API authentication behavior, not an attempt to reach localhost, private-network services, or cloud instance metadata. No internal service probing or SSRF bypass technique is shown. The detector matched a token URL but the operational meaning is benign.","A TP would require user-controlled URL fetches reaching internal services or metadata endpoints, not a fixed public OAuth endpoint.",
TPFPV1-0289,SSRF or internal service reachability,critical,aguara.ssrf-cloud.aws-imds-token-request,<corpus>/category4_surface_mentions/sickn33__antigravity-awesome-skills/plugins/antigravity-awesome-skills-claude/skills/aws-penetration-testing/SKILL.md,TP,high,high,The AWS pentesting material includes instance metadata and credential-extraction surfaces.,"The evidence references cloud metadata endpoints, ECS/instance credentials, temporary credentials, or access-key creation. Those are high-impact internal/cloud service reachability and credential surfaces. Security-testing framing does not remove the operational risk because the instructions can be used against real accounts. The finding is supported.","The issue would be mitigated by lab-only scoping, explicit authorization, and prohibitions on credential extraction from live environments.",
TPFPV1-0296,SSRF or internal service reachability,critical,aguara.ssrf-cloud.aws-imds-token-request,<corpus>/category4_surface_mentions/zebbern__claude-code-guide/skills/aws-penetration-testing/SKILL.md,TP,high,high,The AWS security material operationalizes IMDS/ECS credential access and cloud credential use.,"The reviewed snippets include internal metadata or container credential endpoints and actions around temporary credentials or access keys. These are sensitive internal reachability targets and credential pivots. The artifact’s likely operational meaning is active cloud security testing or exploitation, not a benign concept mention. This is a high-harm TP.","Clear confinement to owned labs, no credential use/extraction, and strict authorization checks would be needed to downgrade it.",
TPFPV1-0299,SSRF or internal service reachability,high,aguara.ssrf-cloud.localhost-bypass,<corpus>/category4_surface_mentions/GreenSheep01201__claw-empire/AGENTS.md,TP,medium,high,"The Claw-Empire AGENTS file bridges the agent to a localhost control API, terminal-like actions, and secret discovery.","The evidence shows use of a local API at 127.0.0.1 for project/task/terminal control and references discovery of secrets from environment files. Localhost services can be sensitive because they often expose privileged control planes not intended for arbitrary model access. The artifact also sends directives or manages tasks through that bridge. Some user-questioning language weakens the case, but the internal service and terminal surface remain real.","A documented permission model, explicit approval before terminal calls or secret reads, and prohibition on reading env secrets would substantially reduce the risk.",
TPFPV1-0320,SSRF or internal service reachability,high,aguara.ssrf-cloud.localhost-bypass,<corpus>/category4_surface_mentions/vllm-project__semantic-router/dashboard/backend/skillpacks/openclaw-vsr-bridge/SKILL.md,FP,high,low,The OpenClaw-VSR evidence only verifies a local model service and does not show SSRF or internal probing.,"The snippets involve starting or checking a local vLLM-style service and curling `127.0.0.1` for model availability. That is a normal local runtime verification step. It does not involve user-controlled URL fetches, metadata endpoints, private-network scanning, or bypass techniques. The detector overflags ordinary localhost development checks.",A TP would require the agent to fetch arbitrary user-provided URLs that can reach internal hosts or sensitive local services.,
TPFPV1-0323,Tool or skill poisoning surface,critical,atr.skill-compromise.credential-harvesting-via-fake-backup-tool,<corpus>/category1_top_instruction_repos/NousResearch__hermes-agent/optional-skills/mlops/pytorch-fsdp/SKILL.md,FP,high,low,"The PyTorch FSDP shared-file material is synchronization documentation, not tool or skill poisoning.","The evidence discusses a `file://` initialization path and responsibility for cleanup. This is standard distributed-training coordination behavior. It does not create fake backups, malicious tool descriptions, or poisoned instructions for the agent to load. The risky class is unsupported.",Evidence of writing malicious instructions into a tool/skill registry or backup file that the agent later trusts would change the label.,
TPFPV1-0326,Tool or skill poisoning surface,critical,atr.tool-poisoning.mcp-tool-description-important-tag-cross-tool-shadowing-atta,<corpus>/category1_top_instruction_repos/rust-lang__rust/src/tools/clippy/.github/workflows/lintcheck_summary.yml,FP,high,low,The Rust lintcheck workflow evidence does not show MCP or skill-description poisoning.,"The snippets appear to reference GitHub Actions or validation workflow details. There is no fake tool definition, instruction smuggling, or malicious metadata that would affect agent behavior. The artifact is an ordinary developer workflow. The finding is not supported by the evidence.",A TP would require a crafted tool/skill description or config file designed to alter agent behavior when loaded.,
TPFPV1-0330,Tool or skill poisoning surface,critical,atr.skill-compromise.agent-memory-and-configuration-file-tampering,<corpus>/category2_agent_tooling/mem0ai__mem0/mem0-plugin/skills/mem0-codex/SKILL.md,FP,medium,low,The mem0 skill directs use of the intended memory tool and forbids file-based memory edits.,"The evidence says not to write to MEMORY.md or file-based memory and to use mem0 MCP tools exclusively. That looks like a boundary meant to prevent inconsistent or unsafe memory persistence rather than poison a tool registry. It does create a persistent memory surface, but the finding as tool/skill poisoning is not established. The record is best treated as FP on the provided evidence.","Evidence that mem0 entries can inject future instructions, override policy, or impersonate tool descriptions would change this to TP or UNCERTAIN.",
TPFPV1-0332,Tool or skill poisoning surface,critical,atr.skill-compromise.agent-memory-and-configuration-file-tampering#collection-scale,<corpus>/category4_surface_mentions,FP,medium,low,The collection-root memory/config examples are mostly defensive or approval-gated rather than tampering.,"The evidence includes guidance such as not automatically updating AGENTS.md, proposing changes at the end, and moving hardcoded secrets to environment variables. Those are not instructions to poison agent tools or rewrite trusted configs without consent. Some examples mention config or memory, but the operational meaning is maintenance or security hygiene. The collection-level claim is unsupported by the sampled evidence.","A concrete artifact that silently writes instructions into AGENTS.md, memory, or tool descriptions for later execution would change the judgment.",
TPFPV1-0350,Tool or skill poisoning surface,high,atr.skill-compromise.mcp-skill-impersonation-and-supply-chain-attack,<corpus>/category1_top_instruction_repos/NousResearch__hermes-agent/AGENTS.md,FP,high,low,"The Hermes TUI replacement language is product documentation, not MCP impersonation or supply-chain poisoning.","The evidence says a TUI is a replacement for a classic CLI. That is ordinary product-positioning or interface documentation. It does not define a malicious tool, impersonate a trusted MCP server, or smuggle instructions. The detector matched benign replacement terminology.","A TP would require fake server/tool definitions, malicious package substitution, or instructions to trust an impostor component.",
TPFPV1-0351,Tool or skill poisoning surface,high,atr.skill-compromise.mcp-skill-impersonation-and-supply-chain-attack,<corpus>/category1_top_instruction_repos/affaan-m__everything-claude-code/skills/perl-testing/SKILL.md,FP,high,low,"The Perl testing snippet describes a testing-library replacement, not a poisoned agent skill.","The phrase about Test2::V0 replacing Test::More is conventional software-library guidance. It does not affect agent instruction hierarchy or tool trust. No malicious package install, fake skill backup, or MCP impersonation is shown. The finding is unsupported.",Evidence that the replacement package is untrusted and installed to alter agent behavior would be needed for TP.,
TPFPV1-0352,Tool or skill poisoning surface,high,atr.skill-compromise.mcp-skill-impersonation-and-supply-chain-attack,<corpus>/category1_top_instruction_repos/angular__angular/.agent/skills/reference-compiler-cli/SKILL.md,FP,high,low,"The Angular compiler drop-in replacement is technical architecture, not tool poisoning.","The evidence describes a compiler or TypeScript program replacement in an engineering context. This is not an agent tool-description, skill registry, or malicious configuration rewrite. The operational meaning is software architecture. The detector overfires on the word replacement.",A TP would require malicious substitution of a trusted agent tool or package with instructions to execute it.,
TPFPV1-0353,Tool or skill poisoning surface,high,atr.skill-compromise.unicode-tag-character-smuggling,<corpus>/category1_top_instruction_repos/microsoft__generative-ai-for-beginners/translations/fa/AGENTS.md,FP,medium,low,The translated AGENTS disclaimer does not show Unicode tag smuggling or poisoned instructions.,"The evidence appears to be translated documentation or a disclaimer. I did not see invisible-control-channel behavior, hidden Unicode tag instructions, or a malicious tool description. Without such content, the poisoning claim is unsupported. The case is an FP on the provided snippets.",Actual hidden Unicode tags or instructions that alter future agent behavior would change the label.,
TPFPV1-0363,Unsafe command or execution surface,critical,atr.privilege-escalation.shell-metacharacter-injection-in-tool-arguments,<corpus>/category1_top_instruction_repos/NousResearch__hermes-agent/skills/autonomous-ai-agents/claude-code/SKILL.md,UNCERTAIN,medium,medium,"The autonomous Claude command wrapper uses shell metacharacters, but input provenance is unclear.","The evidence includes terminal commands with command substitution, session handling, and tmux/Claude invocation. Shell composition can be risky if any interpolated value is attacker-controlled or derived from untrusted text. The snippets do not clearly show whether user input or external data reaches the command unquoted. Because runtime composition matters, the unsafe-command finding cannot be resolved confidently.","If command arguments are fixed or safely quoted, this should be FP; if PR text, issue text, filenames, or user-controlled values are interpolated into the shell, it becomes TP.",
TPFPV1-0364,Unsafe command or execution surface,critical,atr.privilege-escalation.shell-metacharacter-injection-in-tool-arguments,<corpus>/category1_top_instruction_repos/NousResearch__hermes-agent/skills/autonomous-ai-agents/hermes-agent/SKILL.md,TP,high,high,"The Hermes workflow combines shell execution, remote install, and agent startup commands.","The evidence includes command-line setup and curl-to-bash style installation, plus terminal/tmux-like execution of agent processes. This is a real shell execution and trust-boundary expansion surface. Even if the commands are not clearly injection-prone, executing remote installer code is materially risky. The operational nature of the instructions supports TP.","Pinned, verified downloads and avoiding shell-piped installers would reduce the risk; proof that all commands are dry-run documentation would weaken it.",
TPFPV1-0366,Unsafe command or execution surface,critical,atr.privilege-escalation.shell-metacharacter-injection-in-tool-arguments,<corpus>/category1_top_instruction_repos/affaan-m__everything-claude-code/skills/defi-amm-security/SKILL.md,FP,high,low,"The DeFi AMM Solidity snippet is smart-contract logic, not shell command composition.","The evidence includes code such as token balance checks or withdraw logic in Solidity. That does not involve shell execution, command substitution, or unsafe OS command construction. There may be smart-contract risks, but they are not the detector’s unsafe-command surface. The finding is unsupported.","A TP would require shell or process execution with unsafe interpolation, not blockchain contract method calls.",
TPFPV1-0370,Unsafe command or execution surface,critical,atr.privilege-escalation.shell-metacharacter-injection-in-tool-arguments,<corpus>/category3_custom_agents_instructions_skills/affaan-m__everything-claude-code/skills/defi-amm-security/SKILL.md,FP,high,low,The DeFi contract code does not establish unsafe shell or command execution.,"The snippets relate to token balances, withdrawals, or AMM mechanics. Those are application-level smart-contract operations, not local command execution. No `eval`, shell metacharacter composition, or subprocess call is shown. The detector matched the wrong technical domain.",Evidence of a script invoking shell commands with untrusted contract/user values would be needed for TP.,
TPFPV1-0373,Unsafe command or execution surface,critical,atr.privilege-escalation.remote-code-execution-via-eval-and-dynamic-code-injection#collection-scale,<corpus>/category4_surface_mentions,FP,medium,low,The collection-root unsafe-command examples look like validation/frontmatter/docs rather than exploitable command construction.,"The cited examples include validation scripts, frontmatter, and translated documentation rather than dynamic shell execution. I did not see untrusted input being interpolated into commands or eval-like constructs. Collection-level aggregation alone is too weak to prove an unsafe command surface. The record is best marked FP on the visible evidence.","A concrete script showing unquoted user-controlled input in shell, `eval`, or subprocess invocation would change the judgment.",
TPFPV1-0374,Unsafe command or execution surface,critical,atr.privilege-escalation.shell-metacharacter-injection-in-tool-arguments,<corpus>/category4_surface_mentions/Gentleman-Programming__gentleman-guardian-angel/skills/testing-coverage/SKILL.md,FP,high,low,The shellspec snippet is controlled test code rather than an unsafe command-injection surface.,The evidence includes a shell test assertion such as comparing `$(get_count)` to a threshold and localhost skip logic. Command substitution inside a controlled test helper is not automatically unsafe. There is no sign that attacker-controlled input is interpolated into the shell. The operational meaning is local testing.,The case would become TP if `get_count` or command fragments were built from untrusted external input without quoting.,
TPFPV1-0375,Unsafe command or execution surface,critical,atr.privilege-escalation.shell-metacharacter-injection-in-tool-arguments,<corpus>/category4_surface_mentions/caliber-ai-org__ai-setup/.agents/skills/setup-caliber/SKILL.md,FP,medium,medium,"The setup-caliber evidence shows installer and hook setup commands, but not unsafe shell composition from untrusted input.","The artifact includes shell commands, package installation, and precommit or context-sync setup. Those actions have some supply-chain relevance, but the unsafe-command claim specifically requires dangerous command construction or injection risk. The reviewed evidence does not show untrusted values being passed into shell metacharacters or eval-like execution. Therefore this record is not supported for the stated finding.","If filenames, issue text, user parameters, or remote content are interpolated into these commands unquoted, the label should be revisited; remote-install concerns would be a separate finding.",
TPFPV1-0379,Unsafe command or execution surface,critical,atr.privilege-escalation.shell-metacharacter-injection-in-tool-arguments,<corpus>/category4_surface_mentions/jeremylongshore__claude-code-plugins-plus-skills/plugins/saas-packs/onenote-pack/skills/onenote-prod-checklist/SKILL.md,FP,medium,low,The OneNote production-check script uses controlled shell variables and checks rather than unsafe command injection.,"The evidence includes a checklist or script with variables such as a token, escaped queries, and `.env`/git checks. That is a normal operational verification pattern. I did not see dynamic command construction from untrusted input or shell-eval behavior. The unsafe-command finding is unsupported by the available evidence.",A TP would require proof that external input is inserted into shell commands without quoting or validation.,
